CHROM,POS,ID,REF,ALT,Consequence,IMPACT,SYMBOL,Gene,BIOTYPE,HGVSc,HGVSp,gnomADg_AF,ClinVar_CLNSIG,ClinVar_CLNREVSTAT,ClinVar_CLNDN
1,14455,.,T,TAAGAG,splice_region_variant&splice_polypyrimidine_tract_variant&intron_variant&non_coding_transcript_variant,LOW,WASH7P,ENSG00000310526,lncRNA,ENST00000831206.1:n.894-6_894-5insCTCTT,"",,"","",""
1,175322,.,G,A,splice_donor_variant&non_coding_transcript_variant,HIGH,"",ENSG00000241860,lncRNA,ENST00000491962.2:n.274+2C>T,"",0,"","",""
1,175322,.,G,A,splice_donor_variant&non_coding_transcript_variant,HIGH,"",ENSG00000241860,lncRNA,ENST00000655252.2:n.272+2C>T,"",0,"","",""
1,175322,.,G,A,splice_donor_variant&non_coding_transcript_variant,HIGH,"",ENSG00000241860,lncRNA,ENST00000831090.1:n.238+2C>T,"",0,"","",""
1,175322,.,G,A,splice_donor_variant&non_coding_transcript_variant,HIGH,"",ENSG00000241860,lncRNA,ENST00000831092.1:n.278+2C>T,"",0,"","",""
1,175322,.,G,A,splice_donor_variant&non_coding_transcript_variant,HIGH,"",ENSG00000241860,lncRNA,ENST00000831105.1:n.213+2C>T,"",0,"","",""
1,175322,.,G,A,splice_donor_variant&non_coding_transcript_variant,HIGH,"",ENSG00000241860,lncRNA,ENST00000831107.1:n.308+2C>T,"",0,"","",""
1,175322,.,G,A,splice_donor_variant&non_coding_transcript_variant,HIGH,"",ENSG00000241860,lncRNA,ENST00000831108.1:n.172+2C>T,"",0,"","",""
1,175322,.,G,A,splice_donor_variant&non_coding_transcript_variant,HIGH,"",ENSG00000241860,lncRNA,ENST00000831112.1:n.212+2C>T,"",0,"","",""
1,175322,.,G,A,splice_donor_variant&non_coding_transcript_variant,HIGH,"",ENSG00000241860,lncRNA,ENST00000831115.1:n.201+2C>T,"",0,"","",""
1,175446,.,CA,C,splice_region_variant&splice_polypyrimidine_tract_variant&intron_variant&non_coding_transcript_variant,LOW,"",ENSG00000241860,lncRNA,ENST00000491962.2:n.157-6del,"",,"","",""
1,175446,.,CA,C,splice_region_variant&splice_polypyrimidine_tract_variant&intron_variant&non_coding_transcript_variant,LOW,"",ENSG00000241860,lncRNA,ENST00000655252.2:n.155-6del,"",,"","",""
1,175446,.,CA,C,splice_region_variant&splice_polypyrimidine_tract_variant&intron_variant&non_coding_transcript_variant,LOW,"",ENSG00000241860,lncRNA,ENST00000831090.1:n.121-6del,"",,"","",""
1,175446,.,CA,C,splice_region_variant&splice_polypyrimidine_tract_variant&intron_variant&non_coding_transcript_variant,LOW,"",ENSG00000241860,lncRNA,ENST00000831092.1:n.161-6del,"",,"","",""
1,175446,.,CA,C,splice_region_variant&splice_polypyrimidine_tract_variant&intron_variant&non_coding_transcript_variant,LOW,"",ENSG00000241860,lncRNA,ENST00000831105.1:n.96-6del,"",,"","",""
1,175446,.,CA,C,splice_region_variant&splice_polypyrimidine_tract_variant&intron_variant&non_coding_transcript_variant,LOW,"",ENSG00000241860,lncRNA,ENST00000831107.1:n.191-6del,"",,"","",""
1,175446,.,CA,C,splice_region_variant&splice_polypyrimidine_tract_variant&intron_variant&non_coding_transcript_variant,LOW,"",ENSG00000241860,lncRNA,ENST00000831108.1:n.55-6del,"",,"","",""
1,175446,.,CA,C,splice_region_variant&splice_polypyrimidine_tract_variant&intron_variant&non_coding_transcript_variant,LOW,"",ENSG00000241860,lncRNA,ENST00000831112.1:n.95-6del,"",,"","",""
1,175446,.,CA,C,splice_region_variant&splice_polypyrimidine_tract_variant&intron_variant&non_coding_transcript_variant,LOW,"",ENSG00000241860,lncRNA,ENST00000831115.1:n.84-6del,"",,"","",""
1,193995,.,G,A,splice_region_variant&non_coding_transcript_exon_variant,LOW,WASH9P,ENSG00000310527,lncRNA,ENST00000831743.1:n.218C>T,"",,"","",""
1,194084,.,T,C,splice_region_variant&non_coding_transcript_exon_variant,LOW,WASH9P,ENSG00000310527,lncRNA,ENST00000831365.1:n.241A>G,"",0,"","",""
1,194084,.,T,C,splice_region_variant&non_coding_transcript_exon_variant,LOW,WASH9P,ENSG00000310527,lncRNA,ENST00000831743.1:n.214A>G,"",0,"","",""
1,195744,.,T,G,splice_region_variant&non_coding_transcript_exon_variant,LOW,WASH9P,ENSG00000310527,lncRNA,ENST00000831196.1:n.103A>C,"",,"","",""
1,195744,.,T,G,splice_region_variant&non_coding_transcript_exon_variant,LOW,WASH9P,ENSG00000310527,lncRNA,ENST00000831327.1:n.103A>C,"",,"","",""
1,195744,.,T,G,splice_region_variant&non_coding_transcript_exon_variant,LOW,WASH9P,ENSG00000310527,lncRNA,ENST00000831362.1:n.91A>C,"",,"","",""
1,195744,.,T,G,splice_region_variant&non_coding_transcript_exon_variant,LOW,WASH9P,ENSG00000310527,lncRNA,ENST00000831409.1:n.97A>C,"",,"","",""
1,1072326,.,G,A,missense_variant,MODERATE,RNF223,ENSG00000237330,protein_coding,ENST00000453464.3:c.241C>T,ENSP00000410533.1:p.Arg81Trp,0.001051,"","",""
1,3497126,.,G,A,splice_region_variant&splice_polypyrimidine_tract_variant&intron_variant,LOW,MEGF6,ENSG00000162591,protein_coding,ENST00000356575.9:c.3482-7C>T,"",3.289e-05,"","",""
1,3497126,.,G,A,splice_region_variant&splice_polypyrimidine_tract_variant&intron_variant&NMD_transcript_variant,LOW,MEGF6,ENSG00000162591,nonsense_mediated_decay,ENST00000485002.6:c.3634-7C>T,"",3.289e-05,"","",""
1,3497126,.,G,A,splice_region_variant&splice_polypyrimidine_tract_variant&intron_variant,LOW,MEGF6,ENSG00000162591,protein_coding,ENST00000697102.1:c.3167-7C>T,"",3.289e-05,"","",""
