"CHROM","POS","ID","REF","ALT","Consequence","IMPACT","SYMBOL","Gene","Feature","BIOTYPE","HGVSc","HGVSp","gnomADg_AF","ClinVar","ClinVar_CLNSIG","ClinVar_CLNREVSTAT","ClinVar_CLNDN"
"1",10439,".","AC","A","upstream_gene_variant","MODIFIER","DDX11L1","ENSG00000223972","ENST00000450305","transcribed_unprocessed_pseudogene","","","0.3447","","","",""
"1",14455,".","T","TAAGAG","downstream_gene_variant","MODIFIER","DDX11L1","ENSG00000223972","ENST00000450305","transcribed_unprocessed_pseudogene","","","","","","",""
"1",14673,".","G","C","downstream_gene_variant","MODIFIER","DDX11L1","ENSG00000223972","ENST00000450305","transcribed_unprocessed_pseudogene","","","0.002977","","","",""
"1",14699,".","C","G","downstream_gene_variant","MODIFIER","DDX11L1","ENSG00000223972","ENST00000450305","transcribed_unprocessed_pseudogene","","","0.003926","","","",""
"1",14907,".","A","G","downstream_gene_variant","MODIFIER","DDX11L1","ENSG00000223972","ENST00000450305","transcribed_unprocessed_pseudogene","","","0.3142","","","",""
"1",14930,".","A","G","downstream_gene_variant","MODIFIER","DDX11L1","ENSG00000223972","ENST00000450305","transcribed_unprocessed_pseudogene","","","0.2661","","","",""
"1",15211,".","T","G","downstream_gene_variant","MODIFIER","DDX11L1","ENSG00000223972","ENST00000450305","transcribed_unprocessed_pseudogene","","","0.1177","","","",""
"1",15274,".","A","T","downstream_gene_variant","MODIFIER","DDX11L1","ENSG00000223972","ENST00000450305","transcribed_unprocessed_pseudogene","","","0.3109","","","",""
"1",15903,".","G","GC","downstream_gene_variant","MODIFIER","DDX11L1","ENSG00000223972","ENST00000450305","transcribed_unprocessed_pseudogene","","","0.5539","","","",""
"1",15906,".","A","G","downstream_gene_variant","MODIFIER","DDX11L1","ENSG00000223972","ENST00000450305","transcribed_unprocessed_pseudogene","","","0.0005706","","","",""
"1",15922,".","A","G","downstream_gene_variant","MODIFIER","DDX11L1","ENSG00000223972","ENST00000450305","transcribed_unprocessed_pseudogene","","","0.00158","","","",""
"1",15956,".","G","A","downstream_gene_variant","MODIFIER","DDX11L1","ENSG00000223972","ENST00000450305","transcribed_unprocessed_pseudogene","","","0.0003046","","","",""
"1",16014,".","C","T","downstream_gene_variant","MODIFIER","DDX11L1","ENSG00000223972","ENST00000450305","transcribed_unprocessed_pseudogene","","","0.00224","","","",""
"1",16068,".","T","C","downstream_gene_variant","MODIFIER","DDX11L1","ENSG00000223972","ENST00000450305","transcribed_unprocessed_pseudogene","","","0.002407","","","",""
"1",16103,".","T","G","downstream_gene_variant","MODIFIER","DDX11L1","ENSG00000223972","ENST00000450305","transcribed_unprocessed_pseudogene","","","0.02578","","","",""
"1",16298,".","C","T","downstream_gene_variant","MODIFIER","DDX11L1","ENSG00000223972","ENST00000450305","transcribed_unprocessed_pseudogene","","","0.5598","","","",""
"1",16378,".","T","C","downstream_gene_variant","MODIFIER","DDX11L1","ENSG00000223972","ENST00000450305","transcribed_unprocessed_pseudogene","","","0.4977","","","",""
"1",17385,".","G","A","downstream_gene_variant","MODIFIER","DDX11L1","ENSG00000223972","ENST00000450305","transcribed_unprocessed_pseudogene","","","0.1915","","","",""
"1",30923,".","G","T","downstream_gene_variant","MODIFIER","FAM138A","ENSG00000237613","ENST00000417324","lncRNA","","","0.09574","","","",""
"1",58771,".","T","C","upstream_gene_variant","MODIFIER","OR4G11P","ENSG00000240361","ENST00000492842","transcribed_unprocessed_pseudogene","","","0.365","","","",""
